{
  "test_accuracy": 34.6,
  "num_train_samples": 5000,
  "num_test_samples": 2000,
  "pretrain_epochs": 10,
  "linear_probe_epochs": 10,
  "train_loss_history": [
    1.945668751001358,
    1.8545462489128113,
    1.8399085581302643,
    1.8477198868989944,
    1.8183726876974107,
    1.8140094012022019,
    1.8191320300102234,
    1.8115842819213868,
    1.8126547515392304,
    1.8032726407051087
  ],
  "train_acc_history": [
    28.78,
    31.44,
    31.64,
    32.14,
    32.46,
    32.68,
    31.74,
    32.64,
    32.94,
    33.72
  ],
  "predictions": [
    4,
    5,
    8,
    6,
    4,
    0,
    5,
    8,
    8,
    5,
    7,
    0,
    6,
    4,
    0,
    0,
    9,
    5,
    8,
    6
  ],
  "ground_truth": [
    7,
    2,
    5,
    6,
    4,
    8,
    7,
    8,
    8,
    9,
    3,
    2,
    6,
    6,
    0,
    0,
    8,
    1,
    4,
    6
  ]
}