{
  "loss_history": [
    5.425535923395401,
    5.307838391035031,
    5.291977882385254,
    5.1883356754596415,
    5.1414050200046635,
    5.086353950011424,
    5.044051292615059,
    4.988201838273269,
    4.986699764545147,
    4.948135473789313
  ],
  "config": {
    "data_dir": "./data",
    "num_samples": 5000,
    "batch_size": 128,
    "feature_dim": 512,
    "proj_hidden_dim": 512,
    "proj_output_dim": 128,
    "epochs": 10,
    "learning_rate": 0.001,
    "temperature": 0.5,
    "device": "cuda",
    "save_dir": "./results"
  }
}